{"accuracy": 0.8425333333333334, "precision": 0.8519924098671727, "recall": 0.831921651667549, "f1_score": 0.841837417972412}