{"accuracy": 0.87, "precision": 0.8664052287581699, "recall": 0.8771836950767602, "f1_score": 0.8717611469156912}