{"accuracy": 0.8714666666666666, "precision": 0.8698738170347003, "recall": 0.8758602435150874, "f1_score": 0.8728567660247956}